float-dense-1000,0,650086250
float-dense-1000,1,630735083
float-dense-1000,2,828990000
float-dense-1000,3,789378750
float-dense-1000,4,841266709
double-dense-1000,0,660604750
double-dense-1000,1,672472000
double-dense-1000,2,629670167
double-dense-1000,3,635170250
double-dense-1000,4,624043541
float-random-10000,0,36938958
float-random-10000,1,36770000
float-random-10000,2,37103584
float-random-10000,3,37523042
float-random-10000,4,36053750
double-random-10000,0,35485416
double-random-10000,1,39713917
double-random-10000,2,36943791
double-random-10000,3,37512500
double-random-10000,4,37070125
float-sparse-10000,0,87237542
float-sparse-10000,1,84875416
float-sparse-10000,2,87057083
float-sparse-10000,3,86312833
float-sparse-10000,4,86732542
double-sparse-10000,0,40965500
double-sparse-10000,1,41912709
double-sparse-10000,2,38023375
double-sparse-10000,3,38095250
double-sparse-10000,4,41188166
integer-dense-10000,0,29107333
integer-dense-10000,1,30396292
integer-dense-10000,2,28390834
integer-dense-10000,3,26662250
integer-dense-10000,4,25294959
integer-random-10000,0,35638041
integer-random-10000,1,38285833
integer-random-10000,2,72025125
integer-random-10000,3,76888166
integer-random-10000,4,43730750
float-random-10000-miss,0,31193459
float-random-10000-miss,1,29909666
float-random-10000-miss,2,32536417
float-random-10000-miss,3,31759584
float-random-10000-miss,4,35832292
double-random-10000-miss,0,38849084
double-random-10000-miss,1,45743334
double-random-10000-miss,2,42416792
double-random-10000-miss,3,39088500
double-random-10000-miss,4,37607542
integer-random-10000-miss,0,36184000
integer-random-10000-miss,1,32810250
integer-random-10000-miss,2,32309000
integer-random-10000-miss,3,31116125
integer-random-10000-miss,4,30888042
