float-dense-1000,0,24604417
float-dense-1000,1,23046125
float-dense-1000,2,24810542
float-dense-1000,3,24954458
float-dense-1000,4,27610583
double-dense-1000,0,23382750
double-dense-1000,1,23608458
double-dense-1000,2,23577833
double-dense-1000,3,24530041
double-dense-1000,4,27795459
float-random-10000,0,37009000
float-random-10000,1,35635250
float-random-10000,2,92602833
float-random-10000,3,48926083
float-random-10000,4,36314709
double-random-10000,0,136310875
double-random-10000,1,67733000
double-random-10000,2,37404708
double-random-10000,3,37438250
double-random-10000,4,40104333
float-sparse-10000,0,41870000
float-sparse-10000,1,39148750
float-sparse-10000,2,35240917
float-sparse-10000,3,39044500
float-sparse-10000,4,42838625
double-sparse-10000,0,41359458
double-sparse-10000,1,46188333
double-sparse-10000,2,46331459
double-sparse-10000,3,43872709
double-sparse-10000,4,37730333
integer-dense-10000,0,29724250
integer-dense-10000,1,26607083
integer-dense-10000,2,30790125
integer-dense-10000,3,31481166
integer-dense-10000,4,29001917
integer-random-10000,0,42146042
integer-random-10000,1,38619708
integer-random-10000,2,54386667
integer-random-10000,3,33676917
integer-random-10000,4,31345209
float-random-10000-miss,0,44335917
float-random-10000-miss,1,40540250
float-random-10000-miss,2,44753333
float-random-10000-miss,3,40880334
float-random-10000-miss,4,41383000
double-random-10000-miss,0,62414625
double-random-10000-miss,1,45908084
double-random-10000-miss,2,47396125
double-random-10000-miss,3,48940958
double-random-10000-miss,4,49538917
integer-random-10000-miss,0,33726000
integer-random-10000-miss,1,37538958
integer-random-10000-miss,2,35962333
integer-random-10000-miss,3,39633791
integer-random-10000-miss,4,38896250
