target-encoder-1000-default-repeat,0,125050250
target-encoder-1000-default-repeat,1,128233167
target-encoder-1000-default-repeat,2,150838459
target-encoder-1000-default-repeat,3,149827375
target-encoder-1000-default-repeat,4,147113125
target-encoder-1000-default-fresh,0,156857667
target-encoder-1000-default-fresh,1,155124542
target-encoder-1000-default-fresh,2,177123541
target-encoder-1000-default-fresh,3,253340417
target-encoder-1000-default-fresh,4,162045458
target-encoder-10000-default-repeat,0,51760875
target-encoder-10000-default-repeat,1,54047459
target-encoder-10000-default-repeat,2,62216000
target-encoder-10000-default-repeat,3,55265500
target-encoder-10000-default-repeat,4,53093500
target-encoder-10000-default-fresh,0,83346792
target-encoder-10000-default-fresh,1,86852250
target-encoder-10000-default-fresh,2,90987209
target-encoder-10000-default-fresh,3,83160000
target-encoder-10000-default-fresh,4,98822750
